{
	"format_version": "1.10.0",
	"particle_effect": {
		"description": {
			"identifier": "cobblemon:blaze_kick",
			"basic_render_parameters": {
				"material": "particles_alpha",
				"texture": "textures/particles/ember"
			}
		},
		"components": {
			"minecraft:emitter_rate_steady": {
				"spawn_rate": 46,
				"max_particles": 62
			},
			"minecraft:emitter_lifetime_once": {
				"active_time": 1
			},
			"minecraft:emitter_lifetime_events": {
				"creation_event": "event_sound"
			},
			"minecraft:emitter_shape_point": {},
			"minecraft:particle_lifetime_expression": {
				"max_lifetime": 1.3
			},
			"minecraft:particle_initial_speed": 1,
			"minecraft:particle_motion_dynamic": {
				"linear_acceleration": [0, 4, 0],
				"linear_drag_coefficient": 1
			},
			"minecraft:particle_appearance_billboard": {
				"size": [0.125, 0.125],
				"facing_camera_mode": "rotate_xyz",
				"uv": {
					"texture_width": 25,
					"texture_height": 5,
					"flipbook": {
						"base_UV": [0, 0],
						"size_UV": [5, 5],
						"step_UV": [5, 0],
						"frames_per_second": 12,
						"max_frame": 5
					}
				}
			},
			"minecraft:particle_appearance_tinting": {
				"color": {
					"interpolant": "v.particle_age / v.particle_lifetime",
					"gradient": {
						"0.15": "#ffffffff",
						"1.0": "#FFFF4600"
					}
				}
			}
		}
	}
}