{
  "parent": "minecraft:item/handheld_rod",
  "textures": {
    "layer0": "minecraft:item/carrot_on_a_stick"
  },
	"overrides": 
	[
		{ "predicate": { "custom_model_data": 3710001}, "model": "tools/articuno_whistle"},
    { "predicate": { "custom_model_data": 3710002}, "model": "tools/zapdos_whistle"},
    { "predicate": { "custom_model_data": 3710003}, "model": "tools/moltres_whistle"},
    { "predicate": { "custom_model_data": 3710004}, "model": "tools/rayquaza_egg"},
    { "predicate": { "custom_model_data": 3710005}, "model": "tools/weird_rock"},
    { "predicate": { "custom_model_data": 3710006}, "model": "tools/weird_ice"},
    { "predicate": { "custom_model_data": 3710007}, "model": "tools/weird_iron"},
    { "predicate": { "custom_model_data": 3710008}, "model": "tools/mystical_sandwich"},
    { "predicate": { "custom_model_data": 3710009}, "model": "tools/herba_mystica"}
  ]
}