{
  "portraitScale": 2,
  "portraitTranslation": [-0.1, 2.6, 0],
  "profileScale": 0.53,
  "profileTranslation": [0.0, 1, 0.0],
  "rootBone": "blaziken",
  "animations": {
    "cry": "q.bedrock_stateful('blaziken', 'cry')",
	"status": "q.bedrock_stateful('blaziken', 'battle_cry')",
	"recoil": "q.bedrock_stateful('blaziken', 'recoil')",
	"physical": "q.bedrock_primary('blaziken', 'physical', q.curve('symmetrical_wide'))",
	"special": "q.bedrock_stateful('blaziken', 'battle_cry', q.curve('symmetrical_wide'))",
	"faint": "q.bedrock_primary('blaziken', 'faint', q.curve('one'))",
	"blazekick": "q.bedrock_primary('blaziken', 'blazekick', q.curve('symmetrical_wide'))"
  },
  "poses": {
    "battle-idle": {
      "poseName": "battle-idle",
      "poseTypes": ["STAND"],
      "isBattle": true,
      "animations": ["q.look('head')", "q.bedrock('blaziken', 'battle_idle')"],
	  "namedAnimations": {
            "cry": "q.bedrock_stateful('blaziken', 'battle_cry'))"
          },
	  "quirks": [
        "q.bedrock_quirk('blaziken', 'blink')"
		]
    },
    "standing": {
      "poseName": "standing",
      "poseTypes": ["STAND", "FLOAT", "NONE", "PORTRAIT", "PROFILE"],
      "isBattle": false,
      "animations": ["q.look('head')", "q.bedrock('blaziken', 'ground_idle')"],
	  "quirks": [
        "q.bedrock_quirk('blaziken', 'blink')"
		]
	  
    },
    "walking": {
      "poseName": "walking",
      "poseTypes": ["WALK"],
      "animations": [
        "q.bedrock('blaziken', 'ground_walk')"
      ]
    }
  }
}
