{
  "portraitScale": 1.27,
  "portraitTranslation": [-0.55, 2.3, 0.0],
  "profileScale": 0.375,
  "profileTranslation": [0.07, 1.16, -6.0],
  "rootBone": "flygon",
  "animations": {
    "cry": "q.bedrock_stateful('flygon', 'cry')",
	"status": "q.bedrock_stateful('flygon', 'cry')",
	"recoil": "q.bedrock_stateful('flygon', 'recoil')"
  },
  "poses": {
    "battle-standing": {
      "poseName": "battle-standing",
      "poseTypes": ["STAND"],
      "isBattle": true,
      "animations": ["q.look('head')", "q.bedrock('flygon', 'battle_idle')"],
      "quirks": ["q.bedrock_quirk('flygon', 'blink')"]
    },
	"standing": {
      "poseTypes": ["STAND", "NONE", "FLOAT", "PORTRAIT", "PROFILE"],
      "isBattle": false,
      "animations": ["q.look('head')", "q.bedrock('flygon', 'ground_idle')"],
      "quirks": ["q.bedrock_quirk('flygon', 'blink')"]
    },
    "walking": {
      "poseTypes": ["WALK", "SWIM"],
      "animations": [
        "q.look('head')",
        "q.bedrock('flygon', 'air_fly')"
      ],
      "quirks": ["q.bedrock_quirk('flygon', 'blink')"]
    },
	"hovering": {
      "poseTypes": ["HOVER"],
      "animations": [
        "q.look('head')",
        "q.bedrock('flygon', 'air_idle')"
      ],
      "quirks": ["q.bedrock_quirk('flygon', 'blink')"]
    },
	"flying": {
      "poseTypes": ["FLY"],
      "animations": [
        "q.look('head')",
        "q.bedrock('flygon', 'air_fly')"
      ],
      "quirks": ["q.bedrock_quirk('flygon', 'blink')"]
    }
  }
}
