{
  "portraitScale": 2.1,
  "portraitTranslation": [-0.2, 1.3, 0],
  "profileScale": 0.65,
  "profileTranslation": [0.0, 0.8, 0.0],
  "rootBone": "grovyle",
  "animations": {
    "cry": "q.bedrock_stateful('grovyle', 'cry')",
	"status": "q.bedrock_stateful('grovyle', 'cry')",
	"recoil": "q.bedrock_stateful('grovyle', 'recoil')"
  },
  "poses": {
    "battle-idle": {
      "poseName": "battle-idle",
      "poseTypes": ["STAND", "WALK"],
      "isBattle": true,
      "animations": ["q.look('head')", "q.bedrock('grovyle', 'battle_idle')"],
	  "quirks": [
        "q.bedrock_quirk('grovyle', 'blink')"
		]
    },
    "standing": {
      "poseName": "standing",
      "poseTypes": ["STAND", "FLOAT", "NONE", "PORTRAIT", "PROFILE"],
      "isBattle": false,
      "animations": ["q.look('head')", "q.bedrock('grovyle', 'ground_idle')"],
	  "quirks": [
        "q.bedrock_quirk('grovyle', 'blink')"
		]
	  
    },
    "walking": {
      "poseName": "walking",
      "poseTypes": ["WALK"],
      "animations": [
        "q.bedrock('grovyle', 'ground_walk')"
      ]
    }
  }
}
