{
  "portraitScale": 1.45,
  "portraitTranslation": [-0.55, 0.8, 0],
  "profileScale": 0.55,
  "profileTranslation": [0, 0.9, 0],
  "rootBone": "ninetales",
  "animations": {
    "cry": "q.bedrock_stateful('ninetales', 'cry')"
  },
  "poses": {
    "battle-standing": {
      "poseTypes": ["STAND", "WALK"],
      "isBattle": true,
      "animations": [
        "q.look('head')",
        "q.bedrock('ninetales', 'ground_idle')"
      ]
    },
    "standing": {
      "poseTypes": ["STAND", "NONE", "PORTRAIT", "PROFILE"],
      "isBattle": false,
      "animations": [
        "q.look('head')",
        "q.bedrock('ninetales', 'ground_idle')"
      ]
    },
    "walking": {
      "poseTypes": ["WALK"],
      "animations": [
        "q.look('head')",
        "q.bedrock('ninetales', 'ground_walk')"
      ]
    },
    "float": {
      "poseTypes": ["FLOAT"],
      "animations": [
        "q.look('head')",
        "q.bedrock('ninetales', 'ground_walk')"
      ]
    },
    "swim": {
      "poseTypes": ["SWIM"],
      "animations": [
        "q.look('head')",
        "q.bedrock('ninetales', 'ground_walk')"
      ]
    },
	"sleep": {"poseTypes": ["SLEEP"], "animations": ["q.bedrock('ninetales', 'sleep')" ]}
  }
}