{
	"format_version": "1.10.0",
	"particle_effect": {
		"description": {
			"identifier": "cobblemon:eruption",
			"basic_render_parameters": {
				"material": "particles_alpha",
				"texture": "textures/particles/ember"
			}
		},
		"components": {
			"minecraft:emitter_rate_instant": {
				"num_particles": 72
			},
			"minecraft:emitter_lifetime_once": {
				"active_time": 1
			},
			"minecraft:emitter_lifetime_events": {
				"creation_event": "event_sound"
			},
			"minecraft:emitter_shape_sphere": {
				"radius": 0.75,
				"direction": "inwards"
			},
			"minecraft:particle_lifetime_expression": {
				"max_lifetime": 0.71
			},
			"minecraft:particle_initial_speed": 4.5,
			"minecraft:particle_motion_dynamic": {
				"linear_acceleration": [0, 3, 0]
			},
			"minecraft:particle_appearance_billboard": {
				"size": [0.125, 0.125],
				"facing_camera_mode": "rotate_xyz",
				"uv": {
					"texture_width": 25,
					"texture_height": 5,
					"flipbook": {
						"base_UV": [0, 0],
						"size_UV": [5, 5],
						"step_UV": [5, 0],
						"frames_per_second": 16,
						"max_frame": 5
					}
				}
			},
			"minecraft:particle_appearance_tinting": {
				"color": {
					"interpolant": "v.particle_age / v.particle_lifetime",
					"gradient": {
						"0.32": "#ffffffff",
						"0.74": "#FFF57342",
						"1.0": "#FF600606"
					}
				}
			}
		}
	}
}