{
  "type": "minecraft:crafting_shaped",
  "category": "misc",
  "pattern": [
    "121",
    "343",
    "151"
  ],
  "key": {
    "1": {
      "item": "minecraft:blue_ice"
    },
    "2": {
      "item": "cobblemon:ice_stone_block"
    },
    "3": {
      "item": "minecraft:diamond"
    },
    "4": {
      "item": "cobblemon:ice_gem"
    },
    "5": {
      "item": "minecraft:netherite_ingot"
    }
  },
  "result": {
    "id": "minecraft:carrot_on_a_stick",
    "components": {
      "minecraft:custom_model_data": 3710001,
      "minecraft:item_name": "\"Articuno Whistle\"",
      "minecraft:hide_additional_tooltip": {}
    },
    "count": 1
  }
}