{
    "type": "minecraft:crafting_shaped",
    "category": "misc",
    "pattern": [
      " 1 ",
      "222",
      "333"
    ],
    "key": {
      "1": {
        "item": "cobblemon:revival_herb"
      },
      "2": {
        "item": "minecraft:wheat"
      },
      "3": {
        "item": "cobblemon:max_revive"
      }
    },
    "result": {
      "id": "minecraft:carrot_on_a_stick",
      "components": {
        "minecraft:custom_model_data": 3710009,
        "minecraft:item_name": "\"Herba Mystica\"",
        "minecraft:hide_additional_tooltip": {}
      },
      "count": 1
    }
  }