{
    "type": "minecraft:crafting_shaped",
    "category": "misc",
    "pattern": [
      " 2 ",
      "111",
      " 2 "
    ],
    "key": {
      "1": {
        "item": "minecraft:repeating_command_block"
      },
      "2": {
        "item": "minecraft:bread"
      }
    },
    "result": {
      "id": "minecraft:carrot_on_a_stick",
      "components": {
        "minecraft:custom_model_data": 3710008,
        "minecraft:item_name": "\"Mystical Sandwich\"",
        "minecraft:hide_additional_tooltip": {}
      },
      "count": 1
    }
  }