{
  "type": "minecraft:crafting_shaped",
  "category": "misc",
  "pattern": [
    "121",
    "232",
    "121"
  ],
  "key": {
    "1": {
      "item": "minecraft:dragon_breath"
    },
    "2": {
      "item": "minecraft:end_crystal"
    },
    "3": {
      "item": "minecraft:ender_eye"
    }
  },
  "result": {
    "id": "minecraft:carrot_on_a_stick",
    "components": {
      "minecraft:custom_model_data": 3710004,
      "minecraft:item_name": "\"Rayquaza Egg\"",
      "minecraft:hide_additional_tooltip": {}
    },
    "count": 1
  }
}