{
  "type": "minecraft:crafting_shaped",
  "category": "misc",
  "pattern": [
    "212",
    "131",
    "212"
  ],
  "key": {
    "1": {
      "item": "cobblemon:steel_gem"
    },
    "2": {
      "item": "cobblemon:iron_ball"
    },
    "3": {
      "item": "minecraft:lodestone"
    }
  },
  "result": {
    "id": "minecraft:carrot_on_a_stick",
    "components": {
      "minecraft:custom_model_data": 3710007,
      "minecraft:item_name": "\"Weird Iron\"",
      "minecraft:hide_additional_tooltip": {}
    },
    "count": 1
  }
}